{"province":"上海",		"east_longitude":122.872752,	"east_latitude":30.989578,	"south_longitude":121.492954,	"south_latitude":30.632275,		"west_longitude":120.885844,	"west_latitude":31.116295,	"north_longitude":121.327379,	"north_latitude":31.865150}
