{"province":"云南",		"east_longitude":106.200632,	"east_latitude":23.879864,	"south_longitude":101.757685,	"south_latitude":21.149462,		"west_longitude":97.5401050,	"west_latitude":23.934837,	"north_longitude":99.1130730,	"north_latitude":29.253839}
