{"province":"内蒙古",	"east_longitude":126.087571,	"east_latitude":50.976239,	"south_longitude":104.185589,	"south_latitude":37.423473,		"west_longitude":97.2130140,	"west_latitude":42.771899,	"north_longitude":121.497445,	"north_latitude":53.337668}
