{"province":"北京",		"east_longitude":117.514431,	"east_latitude":40.660551,	"south_longitude":116.424391,	"south_latitude":39.441128,		"west_longitude":115.430937,	"west_latitude":39.779104,	"north_longitude":116.647458,	"north_latitude":41.065610}