{"province":"台湾",		"east_longitude":120.046790,	"east_latitude":23.104795,	"south_longitude":120.870608,	"south_latitude":21.900097,		"west_longitude":122.017169,	"west_latitude":25.014073,	"north_longitude":121.585372,	"north_latitude":25.302532}
