{"province":"吉林",		"east_longitude":131.326310,	"east_latitude":43.409524,	"south_longitude":125.710535,	"south_latitude":40.873534,		"west_longitude":121.644732,	"west_latitude":45.756052,	"north_longitude":123.907600,	"north_latitude":46.300693}
