{"province":"四川",		"east_longitude":108.541688,	"east_latitude":31.679986,	"south_longitude":101.849671,	"south_latitude":26.059917,		"west_longitude":97.3745290,	"west_latitude":32.933851,	"north_longitude":102.879920,	"north_latitude":34.307543}
