{"province":"天津",		"east_longitude":118.070949,	"east_latitude":39.255427,	"south_longitude":117.252269,	"south_latitude":38.575389,		"west_longitude":116.723347,	"west_latitude":38.900506,	"north_longitude":117.473037,	"north_latitude":40.255640}