{"province":"宁夏",		"east_longitude":107.663217,	"east_latitude":37.871594,	"south_longitude":106.366208,	"south_latitude":35.252481,		"west_longitude":104.310310,	"west_latitude":37.443760,	"north_longitude":106.724955,	"north_latitude":39.376122}
