{"province":"安徽",		"east_longitude":119.241558,	"east_latitude":32.604993,	"south_longitude":118.206710,	"south_latitude":29.400448,		"west_longitude":114.895197,	"west_latitude":33.016714,	"north_longitude":116.403775,	"north_latitude":34.651767}
