{"province":"山东",		"east_longitude":122.726068,	"east_latitude":37.403368,	"south_longitude":118.186535,	"south_latitude":34.383803,		"west_longitude":114.829028,	"west_latitude":35.067352,	"north_longitude":118.126744,	"north_latitude":38.289648}
