{"province":"山西", 	"east_longitude":114.538668,	"east_latitude":40.333123,	"south_longitude":110.219902,	"south_latitude":34.616012,		"west_longitude":110.219902,	"west_latitude":34.616012,	"north_longitude":114.113230,	"north_latitude":40.748933}
