{"province":"广东",		"east_longitude":116.998121,	"east_latitude":24.195633,	"south_longitude":109.930055,	"south_latitude":20.227458,		"west_longitude":109.675996,	"west_latitude":20.906545,	"north_longitude":113.243383,	"north_latitude":25.519237}
