{"province":"广西",		"east_longitude":111.969909,	"east_latitude":24.746587,	"south_longitude":109.168633,	"south_latitude":21.404629,		"west_longitude":104.482210,	"west_latitude":24.670956,	"north_longitude":110.982204,	"north_latitude":26.394902}
