{"province":"新疆",		"east_longitude":98.9934910,	"east_latitude":30.635762,	"south_longitude":92.1312990,	"south_latitude":26.893994,		"west_longitude":78.4069160,	"west_latitude":32.537328,	"north_longitude":88.4656380,	"north_latitude":36.471146}
