{"province":"江西",		"east_longitude":118.490090,	"east_latitude":28.338133,	"south_longitude":114.426587,	"south_latitude":24.489522,		"west_longitude":113.584911,	"west_latitude":27.539550,	"north_longitude":116.652660,	"north_latitude":30.079279}
