{"province":"江苏",		"east_longitude":121.936763,	"east_latitude":31.792441,	"south_longitude":120.510972,	"south_latitude":30.757422,		"west_longitude":116.380779,	"west_latitude":34.743828,	"north_longitude":119.269155,	"north_latitude":35.122616}
