{"province":"河北",		"east_longitude":119.855487,	"east_latitude":40.004970,	"south_longitude":114.927311,	"south_latitude":36.061308,		"west_longitude":113.480823,	"west_latitude":36.650990,	"north_longitude":117.808787,	"north_latitude":42.626866}
