{"province":"河南",		"east_longitude":116.659559,	"east_latitude":33.947948,	"south_longitude":115.321156,	"south_latitude":31.388418,		"west_longitude":110.367684,	"west_latitude":34.528582,	"north_longitude":113.748187,	"north_latitude":36.372598}
