{"province":"浙江", 	"east_longitude":118.034236,	"east_latitude":29.177607,	"south_longitude":120.490275,	"south_latitude":27.151897,		"west_longitude":118.034236,	"west_latitude":29.177607,	"north_longitude":119.765882,	"north_latitude":31.181505}
