{"province":"海南",		"east_longitude":111.053063,	"east_latitude":19.646842,	"south_longitude":109.584441,	"south_latitude":18.163724,		"west_longitude":108.623182,	"west_latitude":19.104406,	"north_longitude":110.695322,	"north_latitude":20.164356}
