{"province":"湖南",		"east_longitude":114.264433,	"east_latitude":28.395771,	"south_longitude":111.541633,	"south_latitude":24.647969,		"west_longitude":108.800436,	"west_latitude":27.094478,	"north_longitude":110.814940,	"north_latitude":30.133936}
