{"province":"湖北",		"east_longitude":116.142135,	"east_latitude":29.832954,	"south_longitude":113.899965,	"south_latitude":29.035749,		"west_longitude":108.376176,	"west_latitude":29.836965,	"north_longitude":110.988593,	"north_latitude":33.266744}
