{"province":"澳门",		"east_longitude":113.645824,	"east_latitude":22.153893,	"south_longitude":113.581434,	"south_latitude":22.085321,		"west_longitude":113.480248,	"west_latitude":22.145323,	"north_longitude":113.567636,	"north_latitude":22.213866}
