{"province":"甘肃",	"east_longitude":108.716462,	"east_latitude":36.372639,	"south_longitude":105.138188,	"south_latitude":32.599645,		"west_longitude":92.3336700,	"west_latitude":39.079200,	"north_longitude":97.1629600,	"north_latitude":42.802494}
