{"province":"福建",		"east_longitude":118.708558,	"east_latitude":28.315749,	"south_longitude":117.370155,	"south_latitude":23.551608,		"west_longitude":115.861577,	"west_latitude":25.207194,	"north_longitude":118.708558,	"north_latitude":28.315749}
