{"province":"西藏",		"east_longitude":96.3902740,	"east_latitude":42.738110,	"south_longitude":79.0462220,	"south_latitude":34.345703,		"west_longitude":73.5132350,	"west_latitude":39.383261,	"north_longitude":87.7205470,	"north_latitude":49.175454}
