{"province":"贵州",		"east_longitude":109.553539,	"east_latitude":26.941412,	"south_longitude":104.733448,	"south_latitude":24.647312,		"west_longitude":103.615812,	"west_latitude":27.073249,	"north_longitude":107.566631,	"north_latitude":29.213495}
