{"province":"辽宁",		"east_longitude":125.793323,	"east_latitude":41.166153,	"south_longitude":121.077865,	"south_latitude":38.359884,		"west_longitude":118.851793,	"west_latitude":40.822016,	"north_longitude":123.786867,	"north_latitude":43.500830}
