{"province":"重庆",		"east_longitude":110.202044,	"east_latitude":31.159327,	"south_longitude":109.001621,	"south_latitude":28.175271,		"west_longitude":105.294565,	"west_latitude":29.555903,	"north_longitude":108.523291,	"north_latitude":32.205535}
