{"province":"陕西",		"east_longitude":111.043720,	"east_latitude":33.355611,	"south_longitude":109.590334,	"south_latitude":31.782196,		"west_longitude":105.506134,	"west_latitude":32.914455,	"north_longitude":111.144906,	"north_latitude":39.589975}
