{"province":"青海",		"east_longitude":89.4176980,	"east_latitude":36.010991,	"south_longitude":96.2017010,	"south_latitude":31.550095,		"west_longitude":103.073092,	"west_latitude":36.216256,	"north_longitude":97.0525760,	"north_latitude":39.208141}
