{"province":"香港",		"east_longitude":114.501298,	"east_latitude":22.355127,	"south_longitude":114.266733,	"south_latitude":22.132468,		"west_longitude":113.834396,	"west_latitude":22.230996,	"north_longitude":114.326524,	"north_latitude":22.564611}
