{"province":"黑龙江",	"east_longitude":135.162146,	"east_latitude":48.397790,	"south_longitude":131.160734,	"south_latitude":43.439696,		"west_longitude":121.216995,	"west_latitude":52.600891,	"north_longitude":123.608644,	"north_latitude":53.559123}
